level,stat_increase_per_level,players,enemy_ratio,enemy_base_level,mode,runs,player_win_rate,ci95,enemy_win_rate,draw_rate,mean_rounds,mean_player_casualties,avg_player_hp_remaining_pct
1,6,1:1,1:1,1,оптимальный режим,2000,99.85,±0.19,0.15,0.00,5.40,0.002,91.95
1,6,2:1,2:1,1,оптимальный режим,2000,100.00,±0.10,0.00,0.00,3.00,0.001,97.78
1,6,4:1,4:1,1,оптимальный режим,2000,100.00,±0.10,0.00,0.00,1.71,0.000,99.57
1,6,1:2,1:2,1,оптимальный режим,2000,96.25,±0.84,3.75,0.00,10.75,0.037,74.52
1,6,1:4,1:4,1,оптимальный режим,2000,61.80,±2.13,38.20,0.00,17.04,0.382,32.01
5,6,1:1,1:1,5,оптимальный режим,2000,98.60,±0.52,1.40,0.00,4.68,0.014,77.48
5,6,2:1,2:1,5,оптимальный режим,2000,100.00,±0.10,0.00,0.00,2.61,0.000,94.40
5,6,4:1,4:1,5,оптимальный режим,2000,100.00,±0.10,0.00,0.00,1.51,0.000,98.77
5,6,1:2,1:2,5,оптимальный режим,2000,76.45,±1.86,23.55,0.00,8.37,0.235,38.87
5,6,1:4,1:4,5,оптимальный режим,2000,6.50,±1.08,93.50,0.00,6.75,0.935,1.61
10,6,1:1,1:1,6,оптимальный режим,2000,100.00,±0.10,0.00,0.00,3.89,0.000,73.66
10,6,2:1,2:1,6,оптимальный режим,2000,100.00,±0.10,0.00,0.00,2.13,0.000,93.59
10,6,4:1,4:1,6,оптимальный режим,2000,100.00,±0.10,0.00,0.00,1.14,0.000,98.53
10,6,1:2,1:2,6,оптимальный режим,2000,70.40,±2.00,29.60,0.00,7.11,0.296,22.83
10,6,1:4,1:4,6,оптимальный режим,2000,0.10,±0.17,99.90,0.00,4.01,0.999,0.00
15,6,1:1,1:1,6,оптимальный режим,2000,100.00,±0.10,0.00,0.00,4.05,0.000,70.40
15,6,2:1,2:1,6,оптимальный режим,2000,100.00,±0.10,0.00,0.00,2.24,0.000,92.70
15,6,4:1,4:1,6,оптимальный режим,2000,100.00,±0.10,0.00,0.00,1.23,0.000,98.27
15,6,1:2,1:2,6,оптимальный режим,2000,58.75,±2.16,41.25,0.00,7.39,0.412,11.71
15,6,1:4,1:4,6,оптимальный режим,2000,0.00,±0.10,100.00,0.00,3.51,1.000,0.00
20,6,1:1,1:1,6,оптимальный режим,2000,100.00,±0.10,0.00,0.00,4.62,0.000,71.03
20,6,2:1,2:1,6,оптимальный режим,2000,100.00,±0.10,0.00,0.00,2.63,0.000,92.69
20,6,4:1,4:1,6,оптимальный режим,2000,100.00,±0.10,0.00,0.00,1.63,0.000,98.18
20,6,1:2,1:2,6,оптимальный режим,2000,75.00,±1.90,25.00,0.00,8.90,0.250,11.77
20,6,1:4,1:4,6,оптимальный режим,2000,0.00,±0.10,100.00,0.00,4.04,1.000,0.00
25,6,1:1,1:1,6,оптимальный режим,2000,100.00,±0.10,0.00,0.00,4.73,0.000,75.10
25,6,2:1,2:1,6,оптимальный режим,2000,100.00,±0.10,0.00,0.00,2.67,0.000,93.76
25,6,4:1,4:1,6,оптимальный режим,2000,100.00,±0.10,0.00,0.00,1.67,0.000,98.44
25,6,1:2,1:2,6,оптимальный режим,2000,96.60,±0.80,3.40,0.00,9.46,0.034,22.06
25,6,1:4,1:4,6,оптимальный режим,2000,0.00,±0.10,100.00,0.00,4.88,1.000,0.00
30,6,1:1,1:1,6,оптимальный режим,2000,100.00,±0.10,0.00,0.00,4.97,0.000,77.19
30,6,2:1,2:1,6,оптимальный режим,2000,100.00,±0.10,0.00,0.00,2.69,0.000,94.39
30,6,4:1,4:1,6,оптимальный режим,2000,100.00,±0.10,0.00,0.00,1.71,0.000,98.60
30,6,1:2,1:2,6,оптимальный режим,2000,99.25,±0.39,0.75,0.00,9.84,0.007,30.13
30,6,1:4,1:4,6,оптимальный режим,2000,0.00,±0.10,100.00,0.00,5.53,1.000,0.00
